{"cameraMode":{"drawMode":0,"name":"Shaded","section":"Shading Mode"},"sceneLighting":false,"audioPlay":false,"sceneViewState":{"m_AlwaysRefresh":false,"showFog":true,"showSkybox":true,"showFlares":true,"showImageEffects":true,"showParticleSystems":true,"showVisualEffectGraphs":true,"m_FxEnabled":true},"in2DMode":false,"pivot":{"x":6.757697105407715,"y":-7.955057144165039,"z":-7.4143266677856449},"rotation":{"x":0.004019347485154867,"y":0.9647679328918457,"z":-0.26265987753868105,"w":0.01476304791867733},"size":16.370214462280275,"orthographic":false}